<?xml version="1.0" encoding="UTF-8"?>
<!DOCTYPE struts PUBLIC
        "-//Apache Software Foundation//DTD Struts Configuration 2.5//EN"
        "http://struts.apache.org/dtds/struts-2.5.dtd">
<struts>

    <constant name="struts.devMode" value="true"/>

    <constant name="struts.action.excludePattern" value=".*server-endpoint"/>       <!--for web socket-->
    <!--todo how to set login interceptor here-->

    <package name="myPackage" extends="struts-default, json-default">

        <interceptors>
            <interceptor name="loginInterceptor" class="commonutil.LoginInterceptor"/>

            <interceptor-stack name="loginStack">
                <interceptor-ref name="loginInterceptor"/>
                <interceptor-ref name="defaultStack"/>
            </interceptor-stack>

        </interceptors>

        <global-results>
            <result name="error">/index.jsp</result>
        </global-results>

        <action name="">                        <!--setting page to open on first hand-->
            <result>/index.jsp</result>
        </action>

        <action name="mainPage">
            <interceptor-ref name="loginStack"/>
            <result>/WEB-INF/mainPage.jsp</result>
        </action>

        <action name="loginPage">
            <result>/index.jsp</result>
        </action>

        <action name="login" class="action.LoginAction" method="loginCheck">
            <interceptor-ref name="loginStack"/>
            <result name="success" type="json"/>
        </action>

        <action name="logout" class="action.LoginAction" method="logout">
            <interceptor-ref name="loginStack"/>
            <result name="success" type="json"/>
        </action>

        <action name="loadDiscoveryTable" class="action.DiscoveryAction" method="loadDiscoveryTable">
            <interceptor-ref name="loginStack"/>
            <result name="success" type="json"/>
        </action>

        <action name="deleteDiscoveryDevice" class="action.DiscoveryAction" method="deleteDiscoveryDevice">
            <interceptor-ref name="loginStack"/>
            <result name="success" type="json"/>
        </action>

        <action name="insertDiscoveryDevice" class="action.DiscoveryAction" method="insertDiscoveryDevice">
            <interceptor-ref name="loginStack"/>
            <result name="success" type="json"/>
        </action>

        <action name="getDiscoveryData" class="action.DiscoveryAction" method="getDiscoveryDevice">
            <interceptor-ref name="loginStack"/>
            <result name="success" type="json"/>
        </action>

        <action name="editDiscoveryDevice" class="action.DiscoveryAction" method="editDiscoveryDevice">
            <interceptor-ref name="loginStack"/>
            <result name="success" type="json"/>
        </action>

        <action name="loadMonitorTable" class="action.MonitorAction" method="loadMonitorTable">
            <interceptor-ref name="loginStack"/>
            <result name="success" type="json"/>
        </action>

        <action name="provisionDevice" class="action.DiscoveryAction" method="provisionDevice">
            <interceptor-ref name="loginStack"/>
            <result name="success" type="json"/>
        </action>

        <action name="deleteMonitorDevice" class="action.MonitorAction" method="deleteMonitorDevice">
            <interceptor-ref name="loginStack"/>
            <result name="success" type="json"/>
        </action>

        <action name="getMonitorDeviceDetail" class="action.MonitorAction" method="getMonitorDeviceDetail">
            <interceptor-ref name="loginStack"/>
            <result name="success" type="json"/>
        </action>

        <action name="loadDashboardDetails" class="action.DashboardAction" method="loadDashboardDetails">
            <interceptor-ref name="loginStack"/>
            <result name="success" type="json"/>
        </action>

    </package>

</struts>


